{"pitch": [0.0, 270.27466079395805, 0.0, 1.0], "energy": [0.0, 68.44107818603516, 0.0, 1.0]}